slug site,nom FR site,fichier Drive,statut,perimetre,remarque
massive-adian-fumeuse,Geisha fumeuse,Sticker Adian fumeuse.png,match exact,mapping 270,
massive-alien-bizarre,Ventre ouvert,Sticker Alien bizarre.png,match exact,mapping 270,
massive-alien-bleu,Goinfre bleu,Sticker Alien bleu.png,match exact,mapping 270,
massive-alien-calote,Alien DJ,Sticker Alien Dj.psd,nom different,mapping 270,"site attend ""Sticker Alien calote.png"", Drive a ""Sticker Alien Dj.psd"" (PSD seulement)"
massive-alien-corps,Festin macabre,Sticker Alien corps.png,match exact,mapping 270,
massive-alien-hot,Alien hot-dog,Sticker Alien Hot.png,match exact,mapping 270,
massive-alien-splash,Alien écarlate,Sticker Alien splash.png,nom different,sync juillet,"site attend ""Sticker Alien écarlate"", Drive a ""Sticker Alien splash.png"""
massive-alien-vert,Bocal spatial,ABSENT,orphelin site sans source,mapping 270,"attendu ""Sticker Alien vert.png"" introuvable au Drive"
massive-animals,Volière folle,Sticker animals.png,match exact,mapping 270,
massive-animals-meeting,Meute vive,Sticker animals meeting.png,match exact,mapping 270,
massive-arcade,Borne arcade,Sticker Arcade.png,nom different,sync juillet,"site attend ""Sticker Borne arcade"", Drive a ""Sticker Arcade.png"""
massive-art-conceptuel,Ville fondue,Sticker art conceptuel.png,match exact,mapping 270,
massive-art-de-rue,Bulle graffiti,ABSENT,orphelin site sans source,mapping 270,"attendu ""Sticker Art de rue.png"" introuvable au Drive"
massive-art-de-rue-random,Chaos vinyle,Sticker Art de rue random.png,match exact,mapping 270,
massive-art-libre,Camion art,Sticker Art libre.png,match exact,mapping 270,
massive-art-puma,Requin urbain,Sticker Art Puma.png,match exact,mapping 270,
massive-arte-moderno,Jardin crâne,Sticker arte moderno.png,match exact,mapping 270,
massive-asian-beautiful-eyes,Chrysalide,Sticker asian beautiful eyes.png,match exact,mapping 270,
massive-asian-bird,Ombre ailée,Sticker Asian bird.png,match exact,mapping 270,
massive-asian-face,Masque brisé,Sticker Asian Face.png,match exact,mapping 270,
massive-asian-fils,Méduse rouge,Sticker Asian fils.png,match exact,mapping 270,
massive-asian-hat,Ronin errant,Sticker Asian hat.png,nom different,sync juillet,"site attend ""Sticker Ronin errant"", Drive a ""Sticker Asian hat.png"""
massive-asian-muerte,Hannya bleu,Sticker Asian muerte.png,match exact,mapping 270,
massive-asian-rouge-a-levre,Impératrice,Sticker asian rouge a levre.png,match exact,mapping 270,
massive-asian-sphynx,Sphynx yakuza,Sticker Asian Sphynx.png,nom different,sync juillet,"site attend ""Sticker Sphynx yakuza"", Drive a ""Sticker Asian Sphynx.png"""
massive-asian-totem,Totem encre,Sticker Asian totem.png,match exact,mapping 270,
massive-asian-tribal,Deuil fleuri,ABSENT,orphelin site sans source,mapping 270,"attendu ""Sticker Asian tribal.png"" introuvable au Drive"
massive-asian-vulve,Éclosion rose,Sticker Asian vulve.png,match exact,mapping 270,
massive-astro,Astro bisou,ABSENT,orphelin site sans source,mapping 270,"attendu ""Sticker Astro.png"" introuvable au Drive"
massive-astrodisco,Astro disco,Sticker Astrodisco.png,match exact,mapping 270,
massive-astronaute-spain,Marcheur lunaire,Sticker Astronaute spain.png,match exact,mapping 270,
massive-b-w-1,Labyrinthe,Sticker B&w 1.png,match exact,mapping 270,
massive-baby-ying,Double sagesse,Sticker Baby ying.png,match exact,mapping 270,
massive-basketball-man,Dunk zombie,Sticker Basketball man.png,match exact,mapping 270,
massive-beau-oiseau,Pie voleuse,Sticker Beau oiseau.png,match exact,mapping 270,
massive-biker,Biker fantôme,ABSENT,orphelin site sans source,mapping 270,"attendu ""Sticker Biker.png"" introuvable au Drive"
massive-billes,Gobelin billes,Sticker Billes.png,match exact,mapping 270,
massive-blue-4-head,Oracle bleue,Sticker Blue 4 head.png,match exact,mapping 270,
massive-blue-girl,Marguerites noires,Sticker Blue girl.png,nom different,sync juillet,"site attend ""Sticker Marguerites noires"", Drive a ""Sticker Blue girl.png"""
massive-blue-guy,Face électrique,Sticker Blue Guy.png,match exact,mapping 270,
massive-bohemian,Bohème,Sticker Boheme.psd,nom different,mapping 270,"site attend ""Sticker Bohemian.png"", Drive a ""Sticker Boheme.psd"" (PSD seulement)"
massive-bois-diplo,Diplo forestier,ABSENT,orphelin site sans source,mapping 270,"attendu ""Sticker Bois diplo.png"" introuvable au Drive"
massive-bonet,Pingouin tuque,Sticker Bonet.png,match exact,mapping 270,
massive-boom1,Canard slush,Sticker Boom1.png,match exact,mapping 270,
massive-born-to-kill,Soldat maudit,Sticker Soldat maudit.psd,nom different,mapping 270,"site attend ""Sticker Born to kill.png"", Drive a ""Sticker Soldat maudit.psd"" (PSD seulement)"
massive-bouche-langue,Langue folle,Sticker Bouche langue.png,match exact,mapping 270,
massive-bruh,Bruh boombox,Sticker Bruh.png,nom different,sync juillet,"site attend ""Sticker Bruh boombox"", Drive a ""Sticker Bruh.png"""
massive-buff-monster,Tas de monstres,Sticker Buff monster.png,nom different,sync juillet,"site attend ""Sticker Tas de monstres"", Drive a ""Sticker Buff monster.png"""
massive-cacane,Bombe aérosol,Sticker Cacane.png,match exact,mapping 270,
massive-cake,Gâteau fraise,Sticker Cake.png,nom different,sync juillet,"site attend ""Sticker Gâteau fraise"", Drive a ""Sticker Cake.png"""
massive-cameleon-chimie,Caméléon chimiste,Sticker Cameleon chimie.png,nom different,sync juillet,"site attend ""Sticker Caméléon chimiste"", Drive a ""Sticker Cameleon chimie.png"""
massive-canar-pleure,Canard triste,Sticker Canar pleure.png,match exact,mapping 270,
massive-canardos,Cane chic,Sticker canardos.png,match exact,mapping 270,
massive-casque-ouvert,Troisième œil,Sticker Casque ouvert.png,match exact,mapping 270,
massive-cervo-robot,Cerveau bocal,Sticker Cervo robot.png,match exact,mapping 270,
massive-chame,Scooter lézard,Sticker Chamé.png,match exact,mapping 270,
massive-chameleon,Caméléon vert,Sticker Chameleon.png,match exact,mapping 270,
massive-chameleon-bois,Dame nature,Sticker Chameleon bois.png,match exact,mapping 270,
massive-chameleon-branche,Caméléon zen,Sticker Chameleon branche.png,match exact,mapping 270,
massive-chameleon-skate,Caméléon skate,Sticker Chameleon Skate.png,match exact,mapping 270,
massive-chat-alien,Chat abduction,ABSENT,orphelin site sans source,mapping 270,"attendu ""Sticker Chat Alien.png"" introuvable au Drive"
massive-chat-aquarium,Chat aquarium,ABSENT,orphelin site sans source,mapping 270,"attendu ""Sticker Chat aquarium.png"" introuvable au Drive"
massive-chat-chameleon,Chat lézardé,ABSENT,orphelin site sans source,mapping 270,"attendu ""Sticker Chat chameleon.png"" introuvable au Drive"
massive-chat-deco,Chat art déco,ABSENT,orphelin site sans source,mapping 270,"attendu ""Sticker Chat deco.png"" introuvable au Drive"
massive-chat-enlevement,Enlèvement félin,Sticker Chat enlevement.png,match exact,mapping 270,
massive-chat-lsd,Chat vibration,ABSENT,orphelin site sans source,mapping 270,"attendu ""Sticker Chat lsd.png"" introuvable au Drive"
massive-chat-lsd2,Spirale féline,ABSENT,orphelin site sans source,mapping 270,"attendu ""Sticker Chat lsd2.png"" introuvable au Drive"
massive-chat-lsd3,Maneki psyché,ABSENT,orphelin site sans source,mapping 270,"attendu ""Sticker Chat lsd3.png"" introuvable au Drive"
massive-chat-oeils,Gros yeux,Sticker Chat oeils,match exact,mapping 270,
massive-chat-poisson-papillon,Chat rêveur,Sticker Chat poisson papillon.png,match exact,mapping 270,
massive-chat-roux-soucoupe,Roux cosmique,ABSENT,orphelin site sans source,mapping 270,"attendu ""Sticker Chat roux soucoupe.png"" introuvable au Drive"
massive-chat-sans-poils,Sphynx rose,Sticker Chat sans poils.png,match exact,mapping 270,
massive-chat-skull,Totem félin,ABSENT,orphelin site sans source,mapping 270,"attendu ""Sticker Chat Skull.png"" introuvable au Drive"
massive-chauvesourie,Chauve-monstre,Sticker chauvesourie.png,match exact,mapping 270,
massive-chenille,Dompteur chenille,Sticker Chenille.png,match exact,mapping 270,
massive-chest,Grosses lunettes,Sticker Chest.png,nom different,sync juillet,"site attend ""Sticker Grosses lunettes"", Drive a ""Sticker Chest.png"""
massive-chevron,Chevreau au trait,Sticker Chevron.png,nom different,sync juillet,"site attend ""Sticker Chevreau au trait"", Drive a ""Sticker Chevron.png"""
massive-chien-liseur,Chien lecteur,Sticker Chien liseur.psd,match exact,mapping 270,"PSD seulement, pas de PNG final"
massive-chinoi-sabre,Sabre fleuri,Sticker Chinoi sabre.png,nom different,sync juillet,"site attend ""Sticker Sabre fleuri"", Drive a ""Sticker Chinoi sabre.png"""
massive-chinoise-fx,Masque écarlate,Sticker Chinoise fx.png,match exact,mapping 270,
massive-chinoise-papier,Origami,Sticker Chinoise papier.png,match exact,mapping 270,
massive-chmp-7,Champi doré,Sticker Chmp 7.png,match exact,mapping 270,
massive-cigogne,Cigogne lunaire,Sticker Cigogne.png,nom different,sync juillet,"site attend ""Sticker Cigogne lunaire"", Drive a ""Sticker Cigogne.png"""
massive-claun,Clown macabre,Sticker claun.png,match exact,mapping 270,
massive-cloudy,Nuage à l'œil,Sticker Cloudy.png,nom different,sync juillet,"site attend ""Sticker Nuage à l'œil"", Drive a ""Sticker Cloudy.png"""
massive-coagule,Koala punk,Sticker Coagule.png,match exact,mapping 270,
massive-cochon,Cochon rose,Sticker Cochon.png,match exact,mapping 270,
massive-cochon-punk,Porc mécano,Sticker Cochon punk.png,match exact,mapping 270,
massive-coeur,Cœur battant,Sticker Coeur.png,match exact,mapping 270,
massive-colorage,Cadre acide,Sticker colorage.png,match exact,mapping 270,
massive-colored-person,Visages fleuris,Sticker Colored person.png,nom different,sync juillet,"site attend ""Sticker Visages fleuris"", Drive a ""Sticker Colored person.png"""
massive-colorful-tatoo,Miroir floral,Sticker Colorful tatoo.png,match exact,mapping 270,
massive-coquelicot,Coquelicot,Stcker coquelicot.png,match exact,mapping 270,
massive-corns,Petit cornu,Sticker Corns.png,nom different,sync juillet,"site attend ""Sticker Petit cornu"", Drive a ""Sticker Corns.png"""
massive-couille,Face ahurie,Sticker Couille.png,match exact,mapping 270,
massive-couleur-noire,Fleur d'ébène,Sticker couleur noire.png,match exact,mapping 270,
massive-crane-ecarlate,Crâne écarlate,Sticker Red Skull.png,nom different,sync juillet,"site attend ""Sticker Crâne écarlate"", Drive a ""Sticker Red Skull.png"" [lien retrouve par comparaison d image]"
massive-crocodile-dandy,Croco dandy,Sticker Crocodile Victor Hugo.png,nom different,sync juillet,"site attend ""Sticker Croco dandy"", Drive a ""Sticker Crocodile Victor Hugo.png"" [lien retrouve par comparaison d image]"
massive-crow,Dame aux corbeaux,Sticker Crow.png,nom different,sync juillet,"site attend ""Sticker Dame aux corbeaux"", Drive a ""Sticker Crow.png"""
massive-cute-chien,Renard marin,Sticker Cute chien.png,match exact,mapping 270,
massive-cute-girl-manga,Rousse manga,ABSENT,orphelin site sans source,mapping 270,"attendu ""Sticker Cute girl manga.png"" introuvable au Drive"
massive-cute-monster,Chat cupcake,Sticker Cute monster.png,nom different,sync juillet,"site attend ""Sticker Chat cupcake"", Drive a ""Sticker Cute monster.png"""
massive-cute-ourson,Ourson surf,Sticker cute ourson.png,match exact,mapping 270,
massive-daddy,Papa poule,Sticker Daddy.png,nom different,sync juillet,"site attend ""Sticker Papa poule"", Drive a ""Sticker Daddy.png"""
massive-dame-doigts,Muse marine,Sticker dame doigts.png,match exact,mapping 270,
massive-dame-masque,Dame démon,Sticker dame masque.png,match exact,mapping 270,
massive-dansing-frog,Grenouille danseuse,Sticker Dansing Frog.png,nom different,sync juillet,"site attend ""Sticker Grenouille danseuse"", Drive a ""Sticker Dansing Frog.png"""
massive-destructured-person,Rameur seul,Sticker destructured person.png,match exact,mapping 270,
massive-detached-face,Visage éclaté,ABSENT,orphelin site sans source,mapping 270,"attendu ""Sticker Detached face.png"" introuvable au Drive"
massive-digital-art-1,Visage glitch I,Sticker Digital Art 1.png,nom different,sync juillet,"site attend ""Sticker Visage glitch I"", Drive a ""Sticker Digital Art 1.png"""
massive-digital-art-2,Visage glitch II,Sticker Digital Art 2.png,nom different,sync juillet,"site attend ""Sticker Visage glitch II"", Drive a ""Sticker Digital Art 2.png"""
massive-digital-art-3,Visage glitch III,Sticker Digital Art 3.png,nom different,sync juillet,"site attend ""Sticker Visage glitch III"", Drive a ""Sticker Digital Art 3.png"""
massive-digital-art-4,Visage glitch IV,Sticker Digital Art 4.png,nom different,sync juillet,"site attend ""Sticker Visage glitch IV"", Drive a ""Sticker Digital Art 4.png"""
massive-digital-flowers,Tête fleurie,Sticker Digital flowers.png,nom different,sync juillet,"site attend ""Sticker Tête fleurie"", Drive a ""Sticker Digital flowers.png"""
massive-dj-skull,DJ Faucheuse,Sticker Dj SKull.png,match exact,mapping 270,
massive-doberman,Dobermann chaîne,Sticker Doberman.png,nom different,sync juillet,"site attend ""Sticker Dobermann chaîne"", Drive a ""Sticker Doberman.png"""
massive-dont-panic,Pas de panique,Sticker Dont Panic1.png,nom different,sync juillet,"site attend ""Sticker Pas de panique"", Drive a ""Sticker Dont Panic1.png"" [lien retrouve par comparaison d image]"
massive-double-trouble,Double vertige,Sticker Double trouble.png,match exact,mapping 270,
massive-dragon-chine,Daruma dragon,Sticker Dragon chine.png,match exact,mapping 270,
massive-dragon-firefly,Dragon de jade,Sticker Dragon Firefly.psd,match exact,mapping 270,"PSD seulement, pas de PNG final"
massive-elephant-graf,Éléphant graff,Sticker Elephant graf.png,match exact,mapping 270,
massive-elephant-ramen,Ramen géant,Sticker Elephant ramen.jpg,match exact,mapping 270,
massive-enfants-skull,Étreinte funèbre,Sticker Enfants Skull.png,match exact,mapping 270,
massive-enox,Gamer néon,StickerEnox.png,nom different,sync juillet,"site attend ""Sticker Gamer néon"", Drive a ""StickerEnox.png"" [lien retrouve par comparaison d image]"
massive-escargot,Escargot hurleur,ABSENT,orphelin site sans source,mapping 270,"attendu ""Sticker Escargot.png"" introuvable au Drive"
massive-face-facettes,Facettes,ABSENT,orphelin site sans source,mapping 270,"attendu ""Sticker Face facettes.png"" introuvable au Drive"
massive-fantasia,Bulles roses,Sticker fantasia.png,nom different,sync juillet,"site attend ""Sticker Bulles roses"", Drive a ""Sticker fantasia.png"""
massive-fat-graffeur,Ogre tagueur,ABSENT,orphelin site sans source,mapping 270,"attendu ""Sticker Fat Graffeur.png"" introuvable au Drive"
massive-fee,Fée colibri,Sticker fée.png,match exact,mapping 270,
massive-femme-casque,Cyber pieuvre,ABSENT,orphelin site sans source,mapping 270,"attendu ""Sticker Femme casque.png"" introuvable au Drive"
massive-femme-oeil-fumee,Éveil lotus,Sticker femme oeil fumée.png,match exact,mapping 270,
massive-fille-pleure,Double visage,Sticker fille pleure.png,match exact,mapping 270,
massive-fire-with-pet,Feu de camp,Sticker fire with pet.png,match exact,mapping 270,
massive-fisherman,Vieux pêcheur,Sticker Fisherman.png,nom different,sync juillet,"site attend ""Sticker Vieux pêcheur"", Drive a ""Sticker Fisherman.png"""
massive-fleur-degueu,Fleur carnivore,Sticker Fleur carnivore.psd,nom different,mapping 270,"site attend ""Sticker Fleur degueu.png"", Drive a ""Sticker Fleur carnivore.psd"" (PSD seulement)"
massive-flying-manta,Raie corail,Sticker Flying manta.png,nom different,sync juillet,"site attend ""Sticker Raie corail"", Drive a ""Sticker Flying manta.png"""
massive-foulard-rouge,Foulard rouge,Sticker Arabe.png,nom different,sync juillet,"site attend ""Sticker Foulard rouge"", Drive a ""Sticker Arabe.png"" [lien retrouve par comparaison d image]"
massive-fox,Renard mystique,Sticker Fox.png,match exact,mapping 270,
massive-frank,Monstre vert,Sticker Frank.psd,match exact,mapping 270,"PSD seulement, pas de PNG final"
massive-frankein,Frankie jaune,Sticker Frankein.png,nom different,sync juillet,"site attend ""Sticker Frankie jaune"", Drive a ""Sticker Frankein.png"""
massive-freaking-sunshine,Soleil déchaîné,Sticker Freaking Sunshine.png,nom different,sync juillet,"site attend ""Sticker Soleil déchaîné"", Drive a ""Sticker Freaking Sunshine.png"""
massive-freaky,Têtes fondues,Sticker Freaky.png,nom different,sync juillet,"site attend ""Sticker Têtes fondues"", Drive a ""Sticker Freaky.png"""
massive-frog-tired,Roi crapaud,Sticker Frog tired.png,match exact,mapping 270,
massive-fuckyou,Paye-moi,Sticker Fuckyou.png,match exact,mapping 270,
massive-fx,Crâne casquette,Sticker Fx.png,nom different,sync juillet,"site attend ""Sticker Crâne casquette"", Drive a ""Sticker Fx.png"""
massive-gamer,Gamer mou,Sticker gamer.png,match exact,mapping 270,
massive-geisha-rapsody,Rhapsodie,Sticker Geisha rapsody.png,match exact,mapping 270,
massive-geisha1,Prêtresse mauve,ABSENT,orphelin site sans source,mapping 270,"attendu ""Sticker Geisha1.png"" introuvable au Drive"
massive-geisha2,Prêtresse azur,Sticker Geisha2.png,match exact,mapping 270,
massive-giganticeyes,Cyclope chic,Sticker Giganticeyes.png,match exact,mapping 270,
massive-good-vibes,Good Vibes,Sticker Good Vibes.png,match exact,sync juillet,
massive-goth-1,Yeux bandés,Sticker Goth1.png,nom different,sync juillet,"site attend ""Sticker Yeux bandés"", Drive a ""Sticker Goth1.png"""
massive-goth-10,Vampire rouge,Sticker Goth10.png,nom different,sync juillet,"site attend ""Sticker Vampire rouge"", Drive a ""Sticker Goth10.png"""
massive-goth-11,Œil tentaculaire,Sticker Goth11.png,nom different,sync juillet,"site attend ""Sticker Œil tentaculaire"", Drive a ""Sticker Goth11.png"""
massive-goth-12,Roses et cendres,Sticker Goth12.png,nom different,sync juillet,"site attend ""Sticker Roses et cendres"", Drive a ""Sticker Goth12.png"""
massive-goth-15,Dame chauve-souris,Sticker Goth 15.png,nom different,sync juillet,"site attend ""Sticker Dame chauve-souris"", Drive a ""Sticker Goth 15.png"""
massive-goth-16,Ange décharné,Sticker Goth16.png,nom different,sync juillet,"site attend ""Sticker Ange décharné"", Drive a ""Sticker Goth16.png"""
massive-goth-18,Sorcière lunaire,Sticker Goth18.png,nom different,sync juillet,"site attend ""Sticker Sorcière lunaire"", Drive a ""Sticker Goth18.png"""
massive-goth-19,Crâne hurlant,Sticker Goth19.png,nom different,sync juillet,"site attend ""Sticker Crâne hurlant"", Drive a ""Sticker Goth19.png"""
massive-goth-2,Sucette rouge,Sticker Goth2.png,nom different,sync juillet,"site attend ""Sticker Sucette rouge"", Drive a ""Sticker Goth2.png"""
massive-goth-20,Damier noir,Sticker Goth20.png,nom different,sync juillet,"site attend ""Sticker Damier noir"", Drive a ""Sticker Goth20.png"""
massive-goth-21,Crâne cornu,Sticker Goth21.png,nom different,sync juillet,"site attend ""Sticker Crâne cornu"", Drive a ""Sticker Goth21.png"""
massive-goth-22,Éclair blanc,Sticker Goth22.png,nom different,sync juillet,"site attend ""Sticker Éclair blanc"", Drive a ""Sticker Goth22.png"""
massive-goth-23,Couronne funèbre,Sticker Goth23.png,nom different,sync juillet,"site attend ""Sticker Couronne funèbre"", Drive a ""Sticker Goth23.png"""
massive-goth-24,Écailles sombres,Sticker Goth24.png,nom different,sync juillet,"site attend ""Sticker Écailles sombres"", Drive a ""Sticker Goth24.png"""
massive-goth-3,Capuche marquée,Sticker Goth3.png,nom different,sync juillet,"site attend ""Sticker Capuche marquée"", Drive a ""Sticker Goth3.png"""
massive-goth-4,Bois de cerf,Sticker Goth4.png,nom different,sync juillet,"site attend ""Sticker Bois de cerf"", Drive a ""Sticker Goth4.png"""
massive-goth-5,Sourire cornu,Sticker Goth5.png,nom different,sync juillet,"site attend ""Sticker Sourire cornu"", Drive a ""Sticker Goth5.png"""
massive-goth-7,Poupée aux phalènes,Sticker Goth7.png,nom different,sync juillet,"site attend ""Sticker Poupée aux phalènes"", Drive a ""Sticker Goth7.png"""
massive-goth-8,Troisième œil cornu,Sticker Goth8.png,nom different,sync juillet,"site attend ""Sticker Troisième œil cornu"", Drive a ""Sticker Goth8.png"""
massive-goth-9,Visage de fumée,Sticker Goth9.png,nom different,sync juillet,"site attend ""Sticker Visage de fumée"", Drive a ""Sticker Goth9.png"""
massive-graffeur-en-herbe,Vieux tagueur,Sticker Graffeur en herbe.png,match exact,mapping 270,
massive-green-skull,Crâne cyber,Sticker green Skull.png,nom different,sync juillet,"site attend ""Sticker Crâne cyber"", Drive a ""Sticker green Skull.png"""
massive-grenouille,Grenouille mage,ABSENT,orphelin site sans source,mapping 270,"attendu ""Sticker Grenouille.png"" introuvable au Drive"
massive-grenouille-mouche,Grenouille affamée,Sticker Grenouille mouche.png,match exact,mapping 270,
massive-grenouille-reel,Rainette bleue,Sticker Grenouille reel.png,match exact,mapping 270,
massive-grizly,Grizzly fou,ABSENT,orphelin site sans source,mapping 270,"attendu ""Sticker Grizly.png"" introuvable au Drive"
massive-grosse-vache,Veau des Highlands,Sticker Grosse vache,match exact,mapping 270,
massive-grumpy-comptable,Lundi matin,Sticker Grumpy Comptable.png,match exact,mapping 270,
massive-guitariste,Riff zombie,Sticker Guitariste.png,match exact,mapping 270,
massive-happy-guy,Chapeau melon,Sticker Happy Guy.png,nom different,sync juillet,"site attend ""Sticker Chapeau melon"", Drive a ""Sticker Happy Guy.png"""
massive-head-double,Emprise,Sticker Head double.png,match exact,mapping 270,
massive-hobbi,Errant masqué,Sticker hobbi.png,match exact,mapping 270,
massive-hot-dogs-meeting,Fête des hot-dogs,Sticker Hot dogs meeting.png,nom different,sync juillet,"site attend ""Sticker Fête des hot-dogs"", Drive a ""Sticker Hot dogs meeting.png"""
massive-hotdog,Hot-dog vivant,Sticker hotdog.png,match exact,mapping 270,
massive-icecream-monster,Monstre glacé,Sticker Icecream monster.png,nom different,sync juillet,"site attend ""Sticker Monstre glacé"", Drive a ""Sticker Icecream monster.png"""
massive-indian-mural,Fresque sacrée,Sticker Indian mural.png,match exact,mapping 270,
massive-indian-skull,Chamane hibou,ABSENT,orphelin site sans source,mapping 270,"attendu ""Sticker Indian skull.png"" introuvable au Drive"
massive-jack-le-faisant,Bourreau,Sticker Jack le faisant.png,match exact,mapping 270,
massive-jade,Jade,Sticker Jade.png,match exact,mapping 270,
massive-jolie-chinoise,Encre douce,Sticker Jolie chinoise.png,match exact,mapping 270,
massive-jukebox,Jukebox rétro,Sticker Jukebox.png,nom different,sync juillet,"site attend ""Sticker Jukebox rétro"", Drive a ""Sticker Jukebox.png"""
massive-kapibara,Capybara folk,Sticker Kapibara.png,match exact,mapping 270,
massive-key-master,Maître des clés,Sticker Key master.png,nom different,sync juillet,"site attend ""Sticker Maître des clés"", Drive a ""Sticker Key master.png"""
massive-kosuke,Sourire en coin,Sticker Kosuke.png,nom different,sync juillet,"site attend ""Sticker Sourire en coin"", Drive a ""Sticker Kosuke.png"""
massive-kouklikou,Carlin coupe bol,ABSENT,orphelin site sans source,mapping 270,"attendu ""Sticker Kouklikou.png"" introuvable au Drive"
massive-lapin,Cascade lapins,ABSENT,orphelin site sans source,mapping 270,"attendu ""Sticker Lapin.png"" introuvable au Drive"
massive-lapin-excite,Lapin fantôme,Sticker Lapin excité.png,nom different,sync juillet,"site attend ""Sticker Lapin fantôme"", Drive a ""Sticker Lapin excité.png"""
massive-lapin-rose,Lapin os croisés,Sticker Lapin rose.png,nom different,sync juillet,"site attend ""Sticker Lapin os croisés"", Drive a ""Sticker Lapin rose.png"""
massive-leprochaune,Lutin damné,Sticker Leprochaune.png,match exact,mapping 270,
massive-lingerie,Dentelle noire,Sticker Lingerie.png,nom different,sync juillet,"site attend ""Sticker Dentelle noire"", Drive a ""Sticker Lingerie.png"""
massive-little-dragon,Petit dragon,Sticker Little Dragon.png,nom different,sync juillet,"site attend ""Sticker Petit dragon"", Drive a ""Sticker Little Dragon.png"""
massive-little-samourai,Petit samouraï,Sticker Little Samourai.png,nom different,sync juillet,"site attend ""Sticker Petit samouraï"", Drive a ""Sticker Little Samourai.png"""
massive-los-muertos,Muerto surfeur,Sticker Los muertos.psd,match exact,mapping 270,"PSD seulement, pas de PNG final"
massive-lost-paradise,Paradis perdu,Sticker Lost Paradise.png,nom different,sync juillet,"site attend ""Sticker Paradis perdu"", Drive a ""Sticker Lost Paradise.png"""
massive-loutre,Combinaison jaune,Sticker Combinaison Jaune.psd,nom different,mapping 270,"site attend ""Sticker Loutre.png"", Drive a ""Sticker Combinaison Jaune.psd"" (PSD seulement)"
massive-lunette-duck,Canard star,Sticker Lunette Duck,match exact,mapping 270,
massive-mais,Maïs cool,Sticker Mais.png,match exact,mapping 270,
massive-mami-canard,Mamie canard,Sticker Mami Canard.png,match exact,mapping 270,
massive-manga-alchimiste,Alchimiste,Sticker Manga alchimiste.png,match exact,mapping 270,
massive-manga-blue,Boucles bleues,Sticker Manga blue.png,match exact,mapping 270,
massive-manga-girl-colored,Fille daruma,Sticker Manga girl colored.png,match exact,mapping 270,
massive-manga-sticker-2,Muse florale,Sticker Manga Sticker 2.png,match exact,mapping 270,
massive-marin-pirate,Pirate naufragé,ABSENT,orphelin site sans source,mapping 270,"attendu ""Sticker Marin pirate.png"" introuvable au Drive"
massive-mask,Masque d'ombre,Sticker Mask.png,nom different,sync juillet,"site attend ""Sticker Masque d'ombre"", Drive a ""Sticker Mask.png"""
massive-mauve-zombie,Spectre fondant,Sticker Mauve Zombie.png,match exact,mapping 270,
massive-meduse,Méduse arc-en-ciel,Sticker Meduse.png,nom different,sync juillet,"site attend ""Sticker Méduse arc-en-ciel"", Drive a ""Sticker Meduse.png"""
massive-meeting-persons,Marée humaine,Sticker meeting persons.png,match exact,mapping 270,
massive-meme,Mémé laine,Sticker mémé.png,match exact,mapping 270,
massive-memento,Memento mori,Sticker Memento.png,nom different,sync juillet,"site attend ""Sticker Memento mori"", Drive a ""Sticker Memento.png"""
massive-mexican-skull,Calavera tropicale,Sticker Mexican Skull.png,match exact,mapping 270,
massive-mimi,Boule rousse,Sticker Mimi.psd,match exact,mapping 270,"PSD seulement, pas de PNG final"
massive-mimi-gris,Boule grise,Sticker Mimi gris.psd,match exact,mapping 270,"PSD seulement, pas de PNG final"
massive-mind-control,Contrôle mental,Sticker Mind Control.png,nom different,sync juillet,"site attend ""Sticker Contrôle mental"", Drive a ""Sticker Mind Control.png"""
massive-mini-cabins-shop,Petite échoppe,Sticker Mini cabins Shop.png,nom different,sync juillet,"site attend ""Sticker Petite échoppe"", Drive a ""Sticker Mini cabins Shop.png"""
massive-mission,Quartier Mission,Sticker Mission.png,match exact,mapping 270,
massive-mixed,Cassette mêlée,Sticker Mixed.png,nom different,sync juillet,"site attend ""Sticker Cassette mêlée"", Drive a ""Sticker Mixed.png"""
massive-moino-cool,Moineau matcha,Sticker Moino cool.png,match exact,mapping 270,
massive-monstre-dormeur,Dormeur,Sticker Monstre dormeur.png,match exact,mapping 270,
massive-monstre-roses,Diablotin rose,Sticker monstre roses.png,match exact,mapping 270,
massive-mort,La Faucheuse,Sticker Mort.png,match exact,mapping 270,
massive-moto,Moto folle,Sticker Moto.png,match exact,mapping 270,
massive-mouille,Escargot ébahi,Sticker mouillé.png,match exact,mapping 270,
massive-moustique,Moustique enragé,Sticker Moustique.png,match exact,mapping 270,
massive-mtl-subjects,Foule doodle,Sticker Mtl subjects.png,nom different,sync juillet,"site attend ""Sticker Foule doodle"", Drive a ""Sticker Mtl subjects.png"""
massive-mural-parc,Fresque cubiste,Sticker Mural Parc.png,nom different,sync juillet,"site attend ""Sticker Fresque cubiste"", Drive a ""Sticker Mural Parc.png"""
massive-neandertal,Néandertal vert,Sticker Néandertal.png,nom different,sync juillet,"site attend ""Sticker Néandertal vert"", Drive a ""Sticker Néandertal.png"""
massive-no-gods-no-king,Ni dieux ni maîtres,Sticker No Gods No King.png,nom different,sync juillet,"site attend ""Sticker Ni dieux ni maîtres"", Drive a ""Sticker No Gods No King.png"""
massive-noir-et-blanc-fire,Crinière de feu,Sticker Noir et blanc fire.png,match exact,mapping 270,
massive-oeuvre-anabite,Macareux pêcheur,Sticker Oeuvre Anabite.png,match exact,mapping 270,
massive-oiseau-ruche,Nichoir occupé,Sticker oiseau ruche.png,match exact,mapping 270,
massive-oiso-dessin,Geai d'automne,Sticker oiso dessin.png,match exact,mapping 270,
massive-oiso1,Pigeon vitrail,ABSENT,orphelin site sans source,mapping 270,"attendu ""Sticker oiso1.png"" introuvable au Drive"
massive-oiso2,Rapace roux,ABSENT,orphelin site sans source,mapping 270,"attendu ""Sticker Oiso2.png"" introuvable au Drive"
massive-oizo,Échassier fluo,Sticker Oizo.png,match exact,mapping 270,
massive-ours-blanc,Ourson polaire,Sticker Ours blanc.png,match exact,mapping 270,
massive-ours2,Loutre plagiste,Sticker Ours2.png,match exact,mapping 270,
massive-panda-cute,Panda bambou,Sticker Panda cute.png,match exact,mapping 270,
massive-papillon,Papillon nuit,Sticker Papillon.psd,match exact,mapping 270,"PSD seulement, pas de PNG final"
massive-paresseux,Paresseux surf,Sticker Paresseux.png,match exact,mapping 270,
massive-patins,Clown patineur,Sticker Patins.png,match exact,mapping 270,
massive-peace,Paix brûlante,Sticker Peace.psd,match exact,mapping 270,"PSD seulement, pas de PNG final"
massive-pengouin-cactus,Manchot cactus,Sticker Pengouin cactus.png,match exact,mapping 270,
massive-peroquet,Toucan tribal,Sticker peroquet.png,match exact,mapping 270,
massive-petit-chien,Cabot bleu,Sticker Petit chien.psd,match exact,mapping 270,"PSD seulement, pas de PNG final"
massive-piece-verte,Crânes siamois,Sticker Piece verte.png,match exact,mapping 270,
massive-pieuvre-skull,Crâne kraken,Sticker pieuvre skull.png,match exact,mapping 270,
massive-pig-chapeau,Parrain rose,Sticker pig chapeau.png,match exact,mapping 270,
massive-pigeon,Cœur brisé,ABSENT,orphelin site sans source,mapping 270,"attendu ""Sticker Pigeon.png"" introuvable au Drive"
massive-pigeon-gris,Pigeon sneakers,Sticker pigeon gris.png,match exact,mapping 270,
massive-pink-grafeur,Graffeur carmin,Sticker Pink Grafeur.png,match exact,mapping 270,
massive-pint-beyond-lines,Au-delà des lignes,Sticker Pint Beyond Lines.png,nom different,sync juillet,"site attend ""Sticker Au-delà des lignes"", Drive a ""Sticker Pint Beyond Lines.png"""
massive-pinup-bleue,Pin-up bleue,Sticker Pinup bleue.png,match exact,mapping 270,
massive-pirate-epee,Flibustier,Sticker Pirate épée.png,match exact,mapping 270,
massive-pirate-goth,Pirate gothique,Sticker Pirate Goth.png,nom different,sync juillet,"site attend ""Sticker Pirate gothique"", Drive a ""Sticker Pirate Goth.png"""
massive-pirate-pengouin,Manchot pirate,Sticker Pirate pengouin.png,match exact,mapping 270,
massive-pirate-skull-faucheuse,Pirate faucheur,Sticker Pirate skull faucheuse.png,match exact,mapping 270,
massive-piraton,Badge pirate,ABSENT,orphelin site sans source,mapping 270,"attendu ""Sticker Piraton.png"" introuvable au Drive"
massive-planche,Planche hibiscus,Sticker Planche.png,match exact,mapping 270,
massive-poilrose,Monstre marteau,Sticker poilrose.png,match exact,mapping 270,
massive-poison,Agent toxique,Sticker poison.png,match exact,mapping 270,
massive-poison-2,Toxique fleuri,Sticker Poison 2.png,match exact,mapping 270,
massive-poisson-chat,Poisson-chat,ABSENT,orphelin site sans source,mapping 270,"attendu ""Sticker poisson chat.png"" introuvable au Drive"
massive-poisson-inquiet,Poisson nerveux,ABSENT,orphelin site sans source,mapping 270,"attendu ""Sticker poisson inquiet.png"" introuvable au Drive"
massive-poisson-rose,Poisson bonbon,ABSENT,orphelin site sans source,mapping 270,"attendu ""Sticker Poisson rose.png"" introuvable au Drive"
massive-poisson-rouge,Rouge lucide,Sticker Poisson rouge.png,match exact,mapping 270,
massive-police,Fourgon tagué,Sticker Police.png,match exact,mapping 270,
massive-poskai,Poisson lune,ABSENT,orphelin site sans source,mapping 270,"attendu ""Sticker Poskai.png"" introuvable au Drive"
massive-poskai-zombie,Bocal maudit,Sticker Poskaï zombie.png,match exact,mapping 270,
massive-poulet-lunette,Coq rockstar,Sticker Poulet Lunette.png,match exact,mapping 270,
massive-poulets,Duel de coqs,Sticker Poulets.png,match exact,mapping 270,
massive-poulpe,Poulpe rose,Sticker poulpe.png,match exact,mapping 270,
massive-poulpon,Poulpe corail,Sticker Poulpon.png,match exact,mapping 270,
massive-poussin,Poussin nouilles,Sticker Poussin.png,nom different,sync juillet,"site attend ""Sticker Poussin nouilles"", Drive a ""Sticker Poussin.png"""
massive-pretty,Bel oiseau,Sticker Pretty.png,match exact,mapping 270,
massive-prier,Prière squelette,Sticker Prier.png,nom different,sync juillet,"site attend ""Sticker Prière squelette"", Drive a ""Sticker Prier.png"""
massive-propaganda,Propagande,Sticker Propaganda.png,match exact,mapping 270,
massive-ptit-robot,Robot café,Sticker ptit robot.png,match exact,mapping 270,
massive-punk-rose,Punk poupée,Sticker punk rose.png,match exact,mapping 270,
massive-quartier-chinoi,Opéra de Pékin,Sticker Quartier Chinoi.png,nom different,sync juillet,"site attend ""Sticker Opéra de Pékin"", Drive a ""Sticker Quartier Chinoi.png"""
massive-racoon,Raton paddle,Sticker Racoon.png,match exact,mapping 270,
massive-ramen,Ramen rétro,Sticker Ramen,match exact,mapping 270,
massive-reaper-aile,Faucheur ailé,Sticker Mort copy.png,nom different,sync juillet,"site attend ""Sticker Faucheur ailé"", Drive a ""Sticker Mort copy.png"" [lien retrouve par comparaison d image]"
massive-rechercheur,Alambic maudit,Sticker Rechercheur.png,match exact,mapping 270,
massive-red-man,Boule rousse cornue,Sticker Red Man.png,nom different,sync juillet,"site attend ""Sticker Boule rousse cornue"", Drive a ""Sticker Red Man.png"""
massive-red-nose,Nez rouge,Sticker Red nose.png,nom different,sync juillet,"site attend ""Sticker Nez rouge"", Drive a ""Sticker Red nose.png"""
massive-regard-vers-le-haut,Ascension,Sticker Regard vers le haut.png,match exact,mapping 270,
massive-renard,Chaton surfeur,Sticker Renard.png,match exact,mapping 270,
massive-renardos,Loup néon,Sticker Loup Neon.psd,nom different,mapping 270,"site attend ""Sticker Renardos.png"", Drive a ""Sticker Loup Neon.psd"" (PSD seulement)"
massive-requin,Croco vague,Sticker Requin.png,match exact,mapping 270,
massive-rhino,Tricéra surf,Sticker Rhino.png,match exact,mapping 270,
massive-rhino-relax,Dodo debout,Sticker Rhino relax.png,match exact,mapping 270,
massive-rhino2,Rhino rebelle,Sticker Rhino2.png,match exact,mapping 270,
massive-robot-bubble,Robot bulle,Sticker Robot Bubble.png,nom different,sync juillet,"site attend ""Sticker Robot bulle"", Drive a ""Sticker Robot Bubble.png"""
massive-robot-qui-court,Robot pressé,Sticker Robot qui court.png,match exact,mapping 270,
massive-rousse,Zombie glace,ABSENT,orphelin site sans source,mapping 270,"attendu ""Sticker rousse.png"" introuvable au Drive"
massive-rousse-couteau,Rousse lame,Sticker rousse couteau.png,match exact,mapping 270,
massive-run,Sprint final,Sticker run.png,match exact,mapping 270,
massive-sad-geisha,Geisha triste,Sticker Sad Geisha.png,nom different,sync juillet,"site attend ""Sticker Geisha triste"", Drive a ""Sticker Sad Geisha.png"""
massive-sainte-lucie,Sainte crânienne,Sticker Sainte lucie.png,nom different,sync juillet,"site attend ""Sticker Sainte crânienne"", Drive a ""Sticker Sainte lucie.png"""
massive-samourai-gris,Hannya acier,Sticker samourai gris.png,match exact,mapping 270,
massive-samourai-violet,Oni pourpre,Sticker Samourai violet.psd,match exact,mapping 270,"PSD seulement, pas de PNG final"
massive-savage,Crâne graffé,Sticker Savage.png,nom different,sync juillet,"site attend ""Sticker Crâne graffé"", Drive a ""Sticker Savage.png"""
massive-savant-vert,Savant bocal,Sticker savant vert.png,match exact,mapping 270,
massive-saving-soul,Deux petites âmes,Sticker Saving Soul.png,nom different,sync juillet,"site attend ""Sticker Deux petites âmes"", Drive a ""Sticker Saving Soul.png"""
massive-serpent-lion,Serpent lion,Sticker Serpent lion.png,match exact,sync juillet,
massive-shark-hunter,Chasseur requin,Sticker Shark Hunter.png,match exact,mapping 270,
massive-shave-n-cuts,Barbier squelette,Sticker Shave n cuts.png,nom different,sync juillet,"site attend ""Sticker Barbier squelette"", Drive a ""Sticker Shave n cuts.png"""
massive-singe-teuffeur,Gremlin rave,Sticker Singe teuffeur.png,match exact,mapping 270,
massive-skull-art,Crâne éclair,Sticker Skull Art.png,nom different,sync juillet,"site attend ""Sticker Crâne éclair"", Drive a ""Sticker Skull Art.png"""
massive-skull-billard,Matière grise,Sticker Skull billard.png,match exact,mapping 270,
massive-skull-bouquet,Bouquet de crânes,Sticker Skull Bouquet.png,nom different,sync juillet,"site attend ""Sticker Bouquet de crânes"", Drive a ""Sticker Skull Bouquet.png"""
massive-skull-butterfly,Papillon crâne,Sticker Skull Butterfly.png,nom different,sync juillet,"site attend ""Sticker Papillon crâne"", Drive a ""Sticker Skull Butterfly.png"""
massive-skull-casquette,Crâne coulant,Sticker Skull casquette.png,match exact,mapping 270,
massive-skull-cervo,Cerveau rose,Sticker skull cervo.png,match exact,mapping 270,
massive-skull-chapeau,Sorcier violet,Sticker Skull chapeau.png,match exact,mapping 270,
massive-skull-coup,Fonte acide,Sticker Skull coup.png,match exact,mapping 270,
massive-skull-digital-art,Crâne fleuri,Sticker Skull Digital Art.png,nom different,sync juillet,"site attend ""Sticker Crâne fleuri"", Drive a ""Sticker Skull Digital Art.png"""
massive-skull-fif,Crâne fluo,Sticker Skull fif.png,match exact,mapping 270,
massive-skull-fleur,Crâne floral,Sticker skull fleur.png,match exact,mapping 270,
massive-skull-hearth,Cœur d'os,Sticker Skull Hearth.png,nom different,sync juillet,"site attend ""Sticker Cœur d'os"", Drive a ""Sticker Skull Hearth.png"""
massive-skull-kaboom,Kaboom,Sticker Skull Kaboom.png,match exact,mapping 270,
massive-skull-life-death,Janus,Sticker Skull Life Death,match exact,mapping 270,
massive-skull-octopus,Prêtre kraken,Sticker Skull Octopus.png,nom different,sync juillet,"site attend ""Sticker Prêtre kraken"", Drive a ""Sticker Skull Octopus.png"""
massive-skull-oeil,Regard fondu,Sticker Skull oeil.psd,match exact,mapping 270,"PSD seulement, pas de PNG final"
massive-skull-poison,Cyclope toxique,Sticker Skull poison.png,match exact,mapping 270,
massive-slowride,Cox turquoise,Sticker Slowride.psd,match exact,mapping 270,"PSD seulement, pas de PNG final"
massive-small-astronauts,Petits astronautes,Sticker Small Astronauts.png,nom different,sync juillet,"site attend ""Sticker Petits astronautes"", Drive a ""Sticker Small Astronauts.png"""
massive-smoke,Brume rose,Sticker Smoke.png,match exact,mapping 270,
massive-smoke-zombie-relax,Pause zombie,Sticker Smoke Zombie relax.png,match exact,mapping 270,
massive-soleil-oeils,Reine solaire,Sticker Soleil oeils.png,match exact,mapping 270,
massive-soucoupe,Rayon complice,ABSENT,orphelin site sans source,mapping 270,"attendu ""Sticker Soucoupe.png"" introuvable au Drive"
massive-speakers,Mur de son,Sticker Speakers.png,nom different,sync juillet,"site attend ""Sticker Mur de son"", Drive a ""Sticker Speakers.png"""
massive-statue-liberte,Liberté zombie,Sticker Statue liberté.png,match exact,mapping 270,
massive-stay-savage,Gorille savage,Sticker Stay Savage.png,nom different,sync juillet,"site attend ""Sticker Gorille savage"", Drive a ""Sticker Stay Savage.png"""
massive-stickers-dont-touch-my-truck,Pas touche,Sticker Stickers Dont touch my truck,match exact,mapping 270,
massive-street-art-3,Explosion graffiti,Sticker Street art 3.png,nom different,sync juillet,"site attend ""Sticker Explosion graffiti"", Drive a ""Sticker Street art 3.png"""
massive-street-samourai,Ronin des rues,Sticker street Samourai.png,nom different,sync juillet,"site attend ""Sticker Ronin des rues"", Drive a ""Sticker street Samourai.png"""
massive-super-chinoi,Scooter mauve,Sticker Super Chinoi.png,nom different,sync juillet,"site attend ""Sticker Scooter mauve"", Drive a ""Sticker Super Chinoi.png"""
massive-swim-card,Nage ou coule,Sticker Swim Card,match exact,mapping 270,
massive-symetrie-asian,Mandala vivant,Sticker symetrie asian.png,match exact,mapping 270,
massive-tagueur,Tagueur squelette,Sticker Tagueur.png,match exact,mapping 270,
massive-tatoo-skull,Crâne tatoué,Sticker Tatoo Skull.png,nom different,sync juillet,"site attend ""Sticker Crâne tatoué"", Drive a ""Sticker Tatoo Skull.png"""
massive-tete-de-noeud,Coup de masse,Sticker Tete de noeud.psd,match exact,mapping 270,"PSD seulement, pas de PNG final"
massive-tiger,Tigre feuillage,Sticker Tiger.png,match exact,mapping 270,
massive-tiger-2,Tigre fleuri,Sticker Tiger 2.png,nom different,sync juillet,"site attend ""Sticker Tigre fleuri"", Drive a ""Sticker Tiger 2.png"""
massive-tokyo,Tokyo bloc,Sticker Tokyo,match exact,mapping 270,
massive-tortue,Bébé tortue,Sticker Tortue.png,match exact,mapping 270,
massive-totem-angry,Tiki fâché,Sticker Totem angry.png,match exact,mapping 270,
massive-totem-bleu,Roi totem,Sticker Totem bleu.png,match exact,mapping 270,
massive-totem-bleu-vert,Masque jungle,Sticker Totem bleu vert.png,match exact,mapping 270,
massive-train-demon,Train démon,Sticker Train demon.png,match exact,mapping 270,
massive-tram,Tram vert,Sticker Tram.psd,match exact,mapping 270,"PSD seulement, pas de PNG final"
massive-treasue-talker,Perroquets pirates,Sticker Treasue Talker.png,match exact,mapping 270,
massive-tribal-eyes,Vision tribale,Sticker Tribal eyes.png,match exact,mapping 270,
massive-triskull,Trio funèbre,Sticker triskull.png,match exact,mapping 270,
massive-tuc-jaune,Touffe bleue,Sticker Tuc Jaune.png,nom different,sync juillet,"site attend ""Sticker Touffe bleue"", Drive a ""Sticker Tuc Jaune.png"""
massive-tv-man,Tête cathodique,Sticker tv man.png,match exact,mapping 270,
massive-tv-man-fish,Carpe cathodique,Sticker Tv Man Fish.png,nom different,sync juillet,"site attend ""Sticker Carpe cathodique"", Drive a ""Sticker Tv Man Fish.png"""
massive-tv-warrior,Guerrier cathodique,Sticker Tv Warrior.png,nom different,sync juillet,"site attend ""Sticker Guerrier cathodique"", Drive a ""Sticker Tv Warrior.png"""
massive-unlearn,Désapprendre,Sticker Unlearn.png,match exact,mapping 270,
massive-velociraptor,Bébé raptor,Sticker velociraptor.png,match exact,mapping 270,
massive-ver,Ver à l'hameçon,Sticker Ver.png,match exact,mapping 270,
massive-ver-et-pomme,Pomme piégée,Sticker Ver et pomme.png,match exact,mapping 270,
massive-voiture-rouge,Diable au volant,Sticker Voiture rouge.png,match exact,mapping 270,
massive-wesh,Slush éternel,Sticker Wesh.png,match exact,mapping 270,
massive-woman-mosaic,Femme mosaïque,Sticker Woman Mosaic.png,nom different,sync juillet,"site attend ""Sticker Femme mosaïque"", Drive a ""Sticker Woman Mosaic.png"""
massive-woods,Appel des bois,Sticker Woods.png,match exact,mapping 270,
massive-zombie-bleu-smoke,Fumeur bleu,Sticker Zombie bleu smoke.png,match exact,mapping 270,
massive-zombie-double-trouble,Jumeaux toxiques,Sticker Zombie double trouble.png,match exact,mapping 270,
massive-zombie-galere,Traîne-savates,Sticker Zombie galere.png,match exact,mapping 270,
massive-zombie-main-homme,Penseur zombie,Sticker Zombie main homme.png,match exact,mapping 270,
massive-zombie-spider,Vermine,Sticker Zombie spider.png,match exact,mapping 270,
massive-zombie-vert-main,Revenant vert,Sticker Zombie vert main.png,match exact,mapping 270,
massive-zoulou-graf,Graffeur des bois,Sticker Zoulou graf.png,match exact,mapping 270,
